current_filename,source_filename,new_title
Complete_Rules_of_Practice_and_Procedure_Amended_080824.pdf,Complete-Rules-of-Practice-and-Procedure.pdf,Complete-Rules-of-Practice-and-Procedure.pdf
Rule-100.pdf,rule-100.pdf,rule-100.pdf
Rule-101.pdf,rule-101.pdf,rule-101.pdf
Rule-102.pdf,rule-102.pdf,rule-102.pdf
Rule-103_Amended_03202023.pdf,rule-103.pdf,rule-103.pdf
Rule-104.pdf,rule-104.pdf,rule-104.pdf
Rule-10_Amended_03202023.pdf,rule-10.pdf,rule-10.pdf
Rule-110_Amended_03202023.pdf,rule-110.pdf,rule-110.pdf
Rule-11superseded.pdf,rule-11.pdf,rule-11.pdf
Rule-120.pdf,rule-120.pdf,rule-120.pdf
Rule-121_Amended_03202023.pdf,rule-121.pdf,rule-121.pdf
Rule-122.pdf,rule-122.pdf,rule-122.pdf
Rule-123.pdf,rule-123.pdf,rule-123.pdf
Rule-124.pdf,rule-124.pdf,rule-124.pdf
Rule-12superseded.pdf,rule-12.pdf,rule-12.pdf
Rule-130.pdf,rule-130.pdf,rule-130.pdf
Rule-131.pdf,rule-131.pdf,rule-131.pdf
Rule-132.pdf,rule-132.pdf,rule-132.pdf
Rule-133_Amended_03202023.pdf,rule-133.pdf,rule-133.pdf
Rule-13_amended_08082024.pdf,rule-13.pdf,rule-13.pdf
Rule-140_Amended_03202023.pdf,rule-140.pdf,rule-140.pdf
Rule-141_Amended_03202023.pdf,rule-141.pdf,rule-141.pdf
Rule-142.pdf,rule-142.pdf,rule-142.pdf
Rule-143amended.pdf,rule-143.pdf,rule-143.pdf
Rule-144.pdf,rule-144.pdf,rule-144.pdf
Rule-145.pdf,rule-145.pdf,rule-145.pdf
Rule-146.pdf,rule-146.pdf,rule-146.pdf
Rule-147_Amended_03202023.pdf,rule-147.pdf,rule-147.pdf
Rule-148.pdf,rule-148.pdf,rule-148.pdf
Rule-149.pdf,rule-149.pdf,rule-149.pdf
Rule-150.pdf,rule-150.pdf,rule-150.pdf
Rule-151_1_Amended_03202023.pdf,rule-151.1.pdf,rule-151.1.pdf
Rule-151_Amended_03202023.pdf,rule-151.pdf,rule-151.pdf
Rule-152_Amended_03202023.pdf,rule-152.pdf,rule-152.pdf
Rule-155.pdf,rule-155.pdf,rule-155.pdf
Rule-156.pdf,rule-156.pdf,rule-156.pdf
Rule-157.pdf,rule-157.pdf,rule-157.pdf
Rule-160.pdf,rule-160.pdf,rule-160.pdf
Rule-161_Amended_03202023.pdf,rule-161.pdf,rule-161.pdf
Rule-162.pdf,rule-162.pdf,rule-162.pdf
Rule-163.pdf,rule-163.pdf,rule-163.pdf
Rule-170_Amended_03202023.pdf,rule-170.pdf,rule-170.pdf
Rule-171_Amended_03202023.pdf,rule-171.pdf,rule-171.pdf
Rule-172.pdf,rule-172.pdf,rule-172.pdf
Rule-173.pdf,rule-173.pdf,rule-173.pdf
Rule-174.pdf,rule-174.pdf,rule-174.pdf
Rule-180_Amended_03202023.pdf,rule-180.pdf,rule-180.pdf
Rule-181.pdf,rule-181.pdf,rule-181.pdf
Rule-182_Amended_03202023.pdf,rule-182.pdf,rule-182.pdf
Rule-183.pdf,rule-183.pdf,rule-183.pdf
Rule-190.pdf,rule-190.pdf,rule-190.pdf
Rule-191.pdf,rule-191.pdf,rule-191.pdf
Rule-192.pdf,rule-192.pdf,rule-192.pdf
Rule-193.pdf,rule-193.pdf,rule-193.pdf
Rule-1_Amended_03202023.pdf,rule-1.pdf,rule-1.pdf
Rule-2.pdf,rule-2.pdf,rule-2.pdf
Rule-2002nd-amended.pdf,rule-200.pdf,rule-200.pdf
Rule-201.pdf,rule-201.pdf,rule-201.pdf
Rule-202.pdf,rule-202.pdf,rule-202.pdf
Rule-20_Amended_03202023.pdf,rule-20.pdf,rule-20.pdf
Rule-210_amended_08082024.pdf,rule-210.pdf,rule-210.pdf
Rule-211.pdf,rule-211.pdf,rule-211.pdf
Rule-212.pdf,rule-212.pdf,rule-212.pdf
Rule-213_Amended_03202023.pdf,rule-213.pdf,rule-213.pdf
Rule-214.pdf,rule-214.pdf,rule-214.pdf
Rule-215.pdf,rule-215.pdf,rule-215.pdf
Rule-216.pdf,rule-216.pdf,rule-216.pdf
Rule-217_Amended_03202023.pdf,rule-217.pdf,rule-217.pdf
Rule-218.pdf,rule-218.pdf,rule-218.pdf
Rule-21_Amended_03202023.pdf,rule-21.pdf,rule-21.pdf
Rule-220_amended_08082024.pdf,rule-220.pdf,rule-220.pdf
Rule-221.pdf,rule-221.pdf,rule-221.pdf
Rule-222.pdf,rule-222.pdf,rule-222.pdf
Rule-223.pdf,rule-223.pdf,rule-223.pdf
Rule-224.pdf,rule-224.pdf,rule-224.pdf
Rule-225.pdf,rule-225.pdf,rule-225.pdf
Rule-226.pdf,rule-226.pdf,rule-226.pdf
Rule-227.pdf,rule-227.pdf,rule-227.pdf
Rule-228.pdf,rule-228.pdf,rule-228.pdf
Rule-229.pdf,rule-229.pdf,rule-229.pdf
Rule-229A.pdf,rule-229A.pdf,rule-229A.pdf
Rule-22amended.pdf,rule-22.pdf,rule-22.pdf
Rule-2302nd-amended.pdf,rule-230.pdf,rule-230.pdf
Rule-231_Amended_03202023.pdf,rule-231.pdf,rule-231.pdf
Rule-232.pdf,rule-232.pdf,rule-232.pdf
Rule-233_Amended_03202023.pdf,rule-233.pdf,rule-233.pdf
Rule-23_Amended_03202023.pdf,rule-23.pdf,rule-23.pdf
Rule-240_amended_08082024.pdf,rule-240.pdf,rule-240.pdf
Rule-241.pdf,rule-241.pdf,rule-241.pdf
Rule-242.pdf,rule-242.pdf,rule-242.pdf
Rule-243.pdf,rule-243.pdf,rule-243.pdf
Rule-244.pdf,rule-244.pdf,rule-244.pdf
Rule-245.pdf,rule-245.pdf,rule-245.pdf
Rule-246.pdf,rule-246.pdf,rule-246.pdf
Rule-247.pdf,rule-247.pdf,rule-247.pdf
Rule-248.pdf,rule-248.pdf,rule-248.pdf
Rule-249.pdf,rule-249.pdf,rule-249.pdf
Rule-24amended-Oct.-6-2020.pdf,rule-24.pdf,rule-24.pdf
Rule-250.pdf,rule-250.pdf,rule-250.pdf
Rule-251.pdf,rule-251.pdf,rule-251.pdf
Rule-255.1_amended_08082024.pdf,rule-255.1.pdf,rule-255.1.pdf
Rule-255.2New.pdf,rule-255.2.pdf,rule-255.2.pdf
Rule-255.3New.pdf,rule-255.3.pdf,rule-255.3.pdf
Rule-255.4New.pdf,rule-255.4.pdf,rule-255.4.pdf
Rule-255.5New.pdf,rule-255.5.pdf,rule-255.5.pdf
Rule-255.6New.pdf,rule-255.6.pdf,rule-255.6.pdf
Rule-255.7New.pdf,rule-255.7.pdf,rule-255.7.pdf
Rule-25_Amended_03202023.pdf,rule-25.pdf,rule-25.pdf
Rule-260amended-Oct.-6-2020.pdf,rule-260.pdf,rule-260.pdf
Rule-261amended-Oct.-6-2020.pdf,rule-261.pdf,rule-261.pdf
Rule-262amended-Oct.-6-2020.pdf,rule-262.pdf,rule-262.pdf
Rule-26_Amended_03202023.pdf,rule-26.pdf,rule-26.pdf
Rule-270_amended_08082024.pdf,rule-270.pdf,rule-270.pdf
Rule-271.pdf,rule-271.pdf,rule-271.pdf
Rule-272.pdf,rule-272.pdf,rule-272.pdf
Rule-273.pdf,rule-273.pdf,rule-273.pdf
Rule-274.pdf,rule-274.pdf,rule-274.pdf
Rule-27_Amended_03202023.pdf,rule-27.pdf,rule-27.pdf
Rule-280_amended_08082024.pdf,rule-280.pdf,rule-280.pdf
Rule-281amended.pdf,rule-281.pdf,rule-281.pdf
Rule-282.pdf,rule-282.pdf,rule-282.pdf
Rule-283.pdf,rule-283.pdf,rule-283.pdf
Rule-284.pdf,rule-284.pdf,rule-284.pdf
Rule-290_amended_08082024.pdf,rule-290.pdf,rule-290.pdf
Rule-291.pdf,rule-291.pdf,rule-291.pdf
Rule-292.pdf,rule-292.pdf,rule-292.pdf
Rule-293.pdf,rule-293.pdf,rule-293.pdf
Rule-294.pdf,rule-294.pdf,rule-294.pdf
Rule-30.pdf,rule-30.pdf,rule-30.pdf
Rule-300_amended_08082024.pdf,rule-300.pdf,rule-300.pdf
Rule-301.pdf,rule-301.pdf,rule-301.pdf
Rule-302.pdf,rule-302.pdf,rule-302.pdf
Rule-303.pdf,rule-303.pdf,rule-303.pdf
Rule-304.pdf,rule-304.pdf,rule-304.pdf
Rule-305.pdf,rule-305.pdf,rule-305.pdf
Rule-310_amended_08082024.pdf,rule-310.pdf,rule-310.pdf
Rule-311.pdf,rule-311.pdf,rule-311.pdf
Rule-312.pdf,rule-312.pdf,rule-312.pdf
Rule-313.pdf,rule-313.pdf,rule-313.pdf
Rule-314.pdf,rule-314.pdf,rule-314.pdf
Rule-315.pdf,rule-315.pdf,rule-315.pdf
Rule-316.pdf,rule-316.pdf,rule-316.pdf
Rule-31_Amended_03202023.pdf,rule-31.pdf,rule-31.pdf
Rule-320.pdf,rule-320.pdf,rule-320.pdf
Rule-321.pdf,rule-321.pdf,rule-321.pdf
Rule-322.pdf,rule-322.pdf,rule-322.pdf
Rule-323.pdf,rule-323.pdf,rule-323.pdf
Rule-324.pdf,rule-324.pdf,rule-324.pdf
Rule-325.pdf,rule-325.pdf,rule-325.pdf
Rule-32_Amended_03202023.pdf,rule-32.pdf,rule-32.pdf
Rule-330.pdf,rule-330.pdf,rule-330.pdf
Rule-331.pdf,rule-331.pdf,rule-331.pdf
Rule-332.pdf,rule-332.pdf,rule-332.pdf
Rule-333.pdf,rule-333.pdf,rule-333.pdf
Rule-334.pdf,rule-334.pdf,rule-334.pdf
Rule-33_Amended_03202023.pdf,rule-33.pdf,rule-33.pdf
Rule-340.pdf,rule-340.pdf,rule-340.pdf
Rule-341.pdf,rule-341.pdf,rule-341.pdf
Rule-342.pdf,rule-342.pdf,rule-342.pdf
Rule-343.pdf,rule-343.pdf,rule-343.pdf
Rule-344.pdf,rule-344.pdf,rule-344.pdf
Rule-345.pdf,rule-345.pdf,rule-345.pdf
Rule-34_Amended_03202023.pdf,rule-34.pdf,rule-34.pdf
Rule-350.pdf,rule-350.pdf,rule-350.pdf
Rule-351.pdf,rule-351.pdf,rule-351.pdf
Rule-352.pdf,rule-352.pdf,rule-352.pdf
Rule-353.pdf,rule-353.pdf,rule-353.pdf
Rule-354.pdf,rule-354.pdf,rule-354.pdf
Rule-35_Amended_03202023.pdf,rule-35.pdf,rule-35.pdf
Rule-36_Amended_03202023.pdf,rule-36.pdf,rule-36.pdf
Rule-37.pdf,rule-37.pdf,rule-37.pdf
Rule-38amended.pdf,rule-38.pdf,rule-38.pdf
Rule-39.pdf,rule-39.pdf,rule-39.pdf
Rule-3_Amended_03202023.pdf,rule-3.pdf,rule-3.pdf
Rule-40.pdf,rule-40.pdf,rule-40.pdf
Rule-41_amended_08082024.pdf,rule-41.pdf,rule-41.pdf
Rule-50.pdf,rule-50.pdf,rule-50.pdf
Rule-51.pdf,rule-51.pdf,rule-51.pdf
Rule-52.pdf,rule-52.pdf,rule-52.pdf
Rule-53.pdf,rule-53.pdf,rule-53.pdf
Rule-54.pdf,rule-54.pdf,rule-54.pdf
Rule-55.pdf,rule-55.pdf,rule-55.pdf
Rule-56.pdf,rule-56.pdf,rule-56.pdf
Rule-57..pdf,rule-57.pdf,rule-57.pdf
Rule-58.pdf,rule-58.pdf,rule-58.pdf
Rule-60amended.pdf,rule-60.pdf,rule-60.pdf
Rule-61_Amended_03202023.pdf,rule-61.pdf,rule-61.pdf
Rule-62_Amended_03202023.pdf,rule-62.pdf,rule-62.pdf
Rule-63_Amended_03202023.pdf,rule-63.pdf,rule-63.pdf
Rule-64_Amended_03202023.pdf,rule-64.pdf,rule-64.pdf
Rule-70_Amended_03202023.pdf,rule-70.pdf,rule-70.pdf
Rule-71.pdf,rule-71.pdf,rule-71.pdf
Rule-72.pdf,rule-72.pdf,rule-72.pdf
Rule-73.pdf,rule-73.pdf,rule-73.pdf
Rule-74_Amended_03202023.pdf,rule-74.pdf,rule-74.pdf
Rule-80.pdf,rule-80.pdf,rule-80.pdf
Rule-81_Amended_03202023.pdf,rule-81.pdf,rule-81.pdf
Rule-82.pdf,rule-82.pdf,rule-82.pdf
Rule-83.pdf,rule-83.pdf,rule-83.pdf
Rule-84.pdf,rule-84.pdf,rule-84.pdf
Rule-85.pdf,rule-85.pdf,rule-85.pdf
Rule-90_Amended_03202023.pdf,rule-90.pdf,rule-90.pdf
Rule-91_Amended_03202023.pdf,rule-91.pdf,rule-91.pdf
Rule-92_Amended_03202023.pdf,rule-92.pdf,rule-92.pdf
Rule-93_Amended_03202023.pdf,rule-93.pdf,rule-93.pdf
